,HDFS,HDFS_Time,Syslog_PID,Syslog_Time,이벤트_목록(서버로그)
NN_Autoencoder,0.91934335231781,0.149420991539955,0.078075952827931,0.223809525370598,0.028886830434203
LSTM_Autoencoder,0.849274337291718,0.204833135008812,0.177620247006416,0.488435387611389,0.256476998329163
Iso_Auto,0.749633729457855,0.315990567207336,0.221981510519981,0.120111733675003,0.036296665668488
Iso_2Auto,"(0.7339995503425598, 0.8889455199241638)","(0.34589827060699463, 0.7246449589729309)","(0.3282025456428528, 0.9360809922218323)","(0.2571428716182709, 0.4620431065559387)","(0.7149866223335266, 1.0)"
